Part,quantity,cost,link
50x70mm Perfboard,1,$0.70,https://www.amazon.com/Double-Prototype-Universal-Breadboard-50mmx70mm/dp/B0DQBXGP88/ref=sr_1_1?crid=29Z56QJDJDZCF&dib=eyJ2IjoiMSJ9.p9b8So7Fmod2_q1kk81GN2gvw4-Yu1eYFY0XejRaTvxbBb5inZaM1nXgl18lqtYblqgasT257UCORDlsjsuaB7PvJ_5PbrD10DycqrbKupcUBT5WlT9ECqQ2KGc-a3RZuYnVDqE_6Nq6EUsj2xznukdEusx52uwiaq_0jW0mpMREm6PfN63KuZasHsmCGHxYjNCAiFhciQRfYsvRfpjgyPRRg77y-OVo-EViCdxW04o.wUawaDLNJLSsgAkW99SzANnNBrsPsMWOjrdh5z6uAKg&dib_tag=se&keywords=50x70mm+perfboard&qid=1791144332&sprefix=50x70mm+perfboa%2Caps%2C252&sr=8-1
Waveshare RP2040 Zero,1,$2.00,https://www.amazon.com/dp/B0H1B79MTP?plpRedirect=mhFallback&ref=clp_cat_related_p_5&th=1
5mm LED,6,$0.36,https://www.amazon.com/MCIGICM-5mm-Light-Diodes-Multi-Colored/dp/B07PG84V17/ref=sr_1_1_sspa?crid=18BS7G96PSZ0D&dib=eyJ2IjoiMSJ9.b2ax0uReCWF-zaQ-YkPtSUPawQM5M8G_CAhG-ly7KRLZf3xBvWd-KrrrX8skC1LcJfr14W6PnHm3s3Ck4h4aEP7_cKKQbfQPStUuYYen65Zo6nwklHkIcQ8xOo0oOMwJ18uwgMfb1643ZZ8-_udMvEbXa4KugX3ATmX5pYvOd5Dk0T_41pCYkiK3B5rG-YBHTPpQfNjvJsQR18bQ3xUkNnPeMXyKQLDfZf-NMXg5de8.shqtUOc9jSMbkGcAiITPwkxoJrjx8Yn1xnNC48D_EHw&dib_tag=se&keywords=5mm+led&qid=1791144456&sprefix=5mm+le%2Caps%2C189&sr=8-1-spons&sp_csd=d2lkZ2V0TmFtZT1zcF9hdGY&psc=1
220 ohm Resistors,6,$0.36,amazon.com/EDGELEC-Resistor-Tolerance-Multiple-Resistance/dp/B07QK9ZBVZ/ref=sr_1_1_sspa?crid=1WGB11UCC7YG2&dib=eyJ2IjoiMSJ9.pq8IXZtwkjU13efAoUQ01zBUlR2f2Y7f-E16x07ioTKYOwKh74jaeP0cnR0W_t07Byhx6J1HIBtMG0uqz4xjEI-uvyUHpfzNRELjcqBespqmfjF27U0Yn8s_wnJGY2XxKglhiW2TjArrNvds30XTI4ib79Q6_Y2JajrON4PhxaOuu3FAyQmp9GwjPocxRQInM6FZtUAyvWCoQOUzFDzshi68qsuJUMzXO_kr0tW38ek.VYiBI8fu2n_dWfhyPOcGmhr8uGa-PO9IjRzHnO6u_3M&dib_tag=se&keywords=220+ohm+resistor&qid=1791144514&sprefix=220+ohm+resisto%2Caps%2C206&sr=8-1-spons&sp_csd=d2lkZ2V0TmFtZT1zcF9hdGY&psc=1
Passive Buzzer,1,$0.35,https://www.amazon.com/20PCS-Passive-Buzzer-Resistance-Buzzers/dp/B0GWMC82WK/ref=sr_1_2_sspa?crid=1YJ18JD99JK77&dib=eyJ2IjoiMSJ9.ZJQ5xE0Z8ueatGkFGU5fI8RZb9I08sIN-CLDVpuQ7AXOENfsuQROFb5dBbZqHv-yqs0971rfrQmyPFyKf5M0pY5jq6Jew0xBUzb7r5s1zlGP9v8mAavkrnfuKGkR5Tstwy02WzzNDGwoFOY36L_jrbB1qhfumquKoiyJh9Ga-RsNQ9_aWEQj0t1TY17BN-ZeTw4ErCzWhJv6NPN91VBFja-YCwDVp7ecmXlOmFrC7xc.YZNvjAk_yL19jjNMRYcVTaW4qaqnllWhuckAUh8RqhI&dib_tag=se&keywords=passive%2Bbuzzer&qid=1791144545&sprefix=passive%2Bbuzz%2Caps%2C182&sr=8-2-spons&sp_csd=d2lkZ2V0TmFtZT1zcF9hdGY&th=1
128x64 OLED,1,$3.00,https://www.amazon.com/Hosyond-Display-Self-Luminous-Compatible-Raspberry/dp/B09T6SJBV5/ref=sr_1_1_sspa?crid=YTDJCG4F200W&dib=eyJ2IjoiMSJ9.IJoxWF1pbbgjuFzVxunatmnERWRrLTLrVfpDX_wAiShB2ySE965_GKYvyk1eUDZfY29XCsDQ-7eEmisuIvdzLz8txH-8AGv6b9qz8xy1AP1yKWQEMHNZ0Vbugp750rh9PGFa0XysfASWc-SafWrCTp3iLNpZis_QnbydhSppJiNE28NJQTGQ8EqK8eD7RW95wg3bCigRZkQlwYJeDxzyGMZGmemmHkyYydCayKXVSM4.0_uK9aDd5K1z9C2za39pIcg5Jw1fTUFaHvJkTDioHQs&dib_tag=se&keywords=128x64%2Boled&qid=1791144601&sprefix=128x64%2Bole%2Caps%2C251&sr=8-1-spons&sp_csd=d2lkZ2V0TmFtZT1zcF9hdGY&th=1
6mmx6mm Momentary Tactile Push Buttons,4,$0.24,amazon.com/QTEATAK-Momentary-Tactile-Button-Switch/dp/B07VSNN9S2/ref=sr_1_1_sspa?crid=3EK3MVAHAPYKP&dib=eyJ2IjoiMSJ9.7soJkyPRFX6jMPe8nln86-Aafgs30DlqpHGU_reW2bP9BZmqWo6JGUyT0URHAe_06ohDyHsnxSyx3f9sYFg_17TlbGUYylw0gvPWJt7g_HRuUsG9kTbwkd4OsReMvgo9yO2pb2wqNKuxi5sSm4uV4H5zKMjgwH6fN1xF-_eFaTlS80XzIa0yOKNQa5DCHbefFHNMXDHiib3-cJL--3j0mZmlgIxwwo-mo3ZdZmOA0Yc.TKvNW7HVDL5ySF4cm6PUMOhuM1XPC-kQVvgpS39YXMY&dib_tag=se&keywords=6mm+push+buttons&qid=1791144644&sprefix=6mm+push+button%2Caps%2C169&sr=8-1-spons&sp_csd=d2lkZ2V0TmFtZT1zcF9hdGY&psc=1
Solder,N/A,N/A,https://www.amazon.com/ZSHX-Solder-solder-electrical-soldering/dp/B07QZX9LG2/ref=sr_1_1_sspa?crid=3RLADWZL4MMY4&dib=eyJ2IjoiMSJ9.uIiKzbc-KqciN5W086fs287qomq6BHlO4wozjdW5pyrhUY6DoEnbNGzPfSrqg-adu4c5Ba-7Y_W81V92ot6bi5A4fC3gGAh6tX8BLhgGMdLAuGvh_4uGKSQJMpPUe8Wn87IpHh-QbtH4LqInKxz5Zyxn0PMgT0KmIyueofxfB32q9Aj48V1ZCqeIiAA33dRjaPyUDAzdr_prrF9TO6J39h29QXL4UOVKtCWY-g29NzFwdj1axvG1UlzoNSXlOkIm6ufTdQlagsCRhyyBbvYli8QoX2ZqLdUirVnZWnLZuaE.nbfMUr9JatsxETLwjoz5x31wyfZNgp3FGC4V8Itb6Gs&dib_tag=se&keywords=lead%2Bfree%2Bsolder&qid=1791144734&sprefix=lead%2Bfree%2Bsold%2Caps%2C175&sr=8-1-spons&sp_csd=d2lkZ2V0TmFtZT1zcF9hdGY&th=1
Solid Core Wire,N/A,N/A,https://www.amazon.com/gp/aw/d/B07TX6BX47?pd_rd_plhdr=t&hsa_cr_id=0&qid=1791144762&sr=1-1-fec03104-6f11-4242-8f79-15fae2896f66&i=aps&aref=B9zf21CnTI&_encoding=UTF8&ref_=sbx_s_sparkle_sbtcd_asin_0_img&pd_rd_w=jkebP&content-id=amzn1.sym.22e060df-ce87-467b-805a-61b8bd37fbe9%3Aamzn1.sym.22e060df-ce87-467b-805a-61b8bd37fbe9&pf_rd_p=22e060df-ce87-467b-805a-61b8bd37fbe9&pf_rd_r=XHDTW5H88VDQQQHK0M51&pd_rd_wg=wdqAF&pd_rd_r=2fadd87b-cb4a-4331-a8df-29a997d103af&th=1
Tax,N/A,$0.54,N/A
Total,N/A,$7.55,N/A
